[
  {
    "id": 1,
    "priority": 1,
    "action": {
      "type": "modifyHeaders",
      "responseHeaders": [
        {
          "header": "Content-Security-Policy",
          "operation": "set",
          "value": "script-src 'self' blob:; script-src-elem 'self' blob:; object-src 'none';"
        }
      ]
    },
    "condition": {
      "urlFilter": "*",
      "resourceTypes": ["main_frame"]
    }
  },
  {
    "id": 2,
    "priority": 1,
    "action": { "type": "block" },
    "condition": { "urlFilter": "*", "resourceTypes": ["script"], "schemes": ["http","https"] }
  }
]
